{"cameraMode":{"drawMode":0,"name":"Shaded","section":"Shading Mode"},"sceneLighting":true,"audioPlay":false,"sceneViewState":{"showFog":true,"showMaterialUpdate":false,"showSkybox":true,"showFlares":true,"showImageEffects":true,"showParticleSystems":true},"in2DMode":false,"pivot":{"x":1.5792943239212037,"y":3.939631223678589,"z":-3.039219617843628},"rotation":{"x":0.053915299475193027,"y":-0.9396365880966187,"z":0.28896278142929079,"w":0.17600108683109284},"size":16.918132781982423,"orthographic":false}