{"cameraMode":{"drawMode":0,"name":"Shaded","section":"Shading Mode"},"sceneLighting":false,"audioPlay":false,"sceneViewState":{"showFog":true,"showMaterialUpdate":false,"showSkybox":false,"showFlares":true,"showImageEffects":true,"showParticleSystems":true},"in2DMode":false,"pivot":{"x":-0.6053644418716431,"y":0.2200000286102295,"z":2.0917890071868898},"rotation":{"x":0.15308597683906556,"y":-0.6780160069465637,"z":0.1476951241493225,"w":0.7038929462432861},"size":9.61120891571045,"orthographic":false}